{
  "feature_names": [
    "ndvi_mean"
  ],
  "min_vals": [
    0.09619999676942825
  ],
  "max_vals": [
    0.8841000199317932
  ]
}